topic,doc_ID,p,doc,Sub,Date
1,1,1,1002789,ProstateCancer,2023-01-01T06:55:08Z
1,2,1,100dg4z,ProstateCancer,2023-01-01T17:17:43Z
1,3,1,100dq6c,ProstateCancer,2023-01-01T17:36:44Z
1,4,1,100nu2a,ProstateCancer,2023-01-02T04:01:30Z
1,5,1,100u9uw,ProstateCancer,2023-01-02T08:40:38Z
1,6,1,1012gb0,ProstateCancer,2023-01-02T14:49:17Z
1,7,1,10153cj,ProstateCancer,2023-01-02T17:06:54Z
1,8,1,101n3dt,ProstateCancer,2023-01-03T07:42:52Z
1,9,1,101nrwr,ProstateCancer,2023-01-03T08:09:12Z
1,10,1,101q29r,ProstateCancer,2023-01-03T09:38:11Z
1,11,1,101r5v5,ProstateCancer,2023-01-03T10:21:54Z
1,12,1,102e0km,ProstateCancer,2023-01-04T04:34:26Z
1,13,1,102f95n,ProstateCancer,2023-01-04T05:21:55Z
1,14,1,1034uti,ProstateCancer,2023-01-05T01:23:02Z
1,15,1,1035bm6,ProstateCancer,2023-01-05T01:44:39Z
1,16,1,103kmxe,ProstateCancer,2023-01-05T11:47:21Z
1,17,1,103ngli,ProstateCancer,2023-01-05T13:53:10Z
1,18,1,103obbs,ProstateCancer,2023-01-05T14:32:29Z
1,19,1,103xvlf,ProstateCancer,2023-01-05T23:34:17Z
1,20,1,1049td1,ProstateCancer,2023-01-06T07:52:42Z
1,21,1,104cujt,ProstateCancer,2023-01-06T09:48:17Z
1,22,1,104g1dm,ProstateCancer,2023-01-06T11:58:06Z
1,23,1,104u7x2,ProstateCancer,2023-01-07T00:29:07Z
1,24,1,1053ef3,ProstateCancer,2023-01-07T06:42:48Z
1,25,1,1056j6l,ProstateCancer,2023-01-07T08:45:56Z
1,26,1,105d0q0,ProstateCancer,2023-01-07T13:16:38Z
1,27,1,105egc6,ProstateCancer,2023-01-07T14:25:22Z
1,28,1,105emh6,ProstateCancer,2023-01-07T14:33:51Z
1,29,1,105lp13,ProstateCancer,2023-01-07T21:13:08Z
1,30,1,105tpex,ProstateCancer,2023-01-08T03:57:38Z
1,31,1,105wywd,ProstateCancer,2023-01-08T06:12:59Z
1,32,1,1060f1g,ProstateCancer,2023-01-08T08:36:54Z
1,33,1,10631hw,ProstateCancer,2023-01-08T10:25:47Z
1,34,1,106kc6o,ProstateCancer,2023-01-09T01:19:52Z
1,35,1,106u8uq,ProstateCancer,2023-01-09T08:04:43Z
1,36,1,10754w7,ProstateCancer,2023-01-09T15:55:07Z
1,37,1,107kp5d,ProstateCancer,2023-01-10T04:45:53Z
1,38,1,107mwbk,ProstateCancer,2023-01-10T06:08:53Z
1,39,1,107rnir,ProstateCancer,2023-01-10T09:06:21Z
1,40,1,107sn3q,ProstateCancer,2023-01-10T09:43:15Z
1,41,1,107vqfr,ProstateCancer,2023-01-10T11:50:07Z
1,42,1,107wzgc,ProstateCancer,2023-01-10T12:45:13Z
1,43,1,108af0w,ProstateCancer,2023-01-11T00:56:02Z
1,44,1,108b72d,ProstateCancer,2023-01-11T01:30:29Z
1,45,1,108db7x,ProstateCancer,2023-01-11T03:00:51Z
1,46,1,108z75m,ProstateCancer,2023-01-11T18:55:32Z
1,47,1,10984tk,ProstateCancer,2023-01-12T02:58:27Z
1,48,1,1098bgf,ProstateCancer,2023-01-12T03:05:46Z
1,49,1,1099jqs,ProstateCancer,2023-01-12T03:56:33Z
1,50,1,109c41f,ProstateCancer,2023-01-12T05:35:03Z
1,51,1,109gh42,ProstateCancer,2023-01-12T08:25:46Z
1,52,1,109misk,ProstateCancer,2023-01-12T12:36:33Z
1,53,1,109nzzm,ProstateCancer,2023-01-12T13:42:19Z
1,54,1,10a0xh1,ProstateCancer,2023-01-13T01:27:28Z
1,55,1,10a27qm,ProstateCancer,2023-01-13T02:23:48Z
1,56,1,10a4jss,ProstateCancer,2023-01-13T03:59:35Z
1,57,1,10ar9fx,ProstateCancer,2023-01-13T21:29:33Z
1,58,1,10ay7hv,ProstateCancer,2023-01-14T03:07:40Z
1,59,1,10aya0h,ProstateCancer,2023-01-14T03:10:29Z
1,60,1,10aywcr,ProstateCancer,2023-01-14T03:36:05Z
1,61,1,10b1tkt,ProstateCancer,2023-01-14T05:35:12Z
1,62,1,10bc8t3,ProstateCancer,2023-01-14T12:53:43Z
1,63,1,10bdm1u,ProstateCancer,2023-01-14T13:59:40Z
1,64,1,10bmsq9,ProstateCancer,2023-01-14T22:57:51Z
1,65,1,10bx8jr,ProstateCancer,2023-01-15T06:37:27Z
1,66,1,10c0h3p,ProstateCancer,2023-01-15T08:36:02Z
1,67,1,10cdixz,ProstateCancer,2023-01-15T18:17:06Z
1,68,1,10cvm2i,ProstateCancer,2023-01-16T08:32:03Z
1,69,1,10czpn0,ProstateCancer,2023-01-16T11:19:24Z
1,70,1,10dgt2x,ProstateCancer,2023-01-17T02:05:53Z
1,71,1,10e2jtf,ProstateCancer,2023-01-17T15:16:12Z
1,72,1,10e6bd7,ProstateCancer,2023-01-17T18:41:20Z
1,73,1,10en45w,ProstateCancer,2023-01-18T07:50:22Z
1,74,1,10eq3kc,ProstateCancer,2023-01-18T09:45:03Z
1,75,1,10eq9fw,ProstateCancer,2023-01-18T09:51:37Z
1,76,1,10fao8h,ProstateCancer,2023-01-19T02:52:02Z
1,77,1,10fj0wu,ProstateCancer,2023-01-19T08:36:24Z
1,78,1,10fopr1,ProstateCancer,2023-01-19T12:30:48Z
1,79,1,10g4anf,ProstateCancer,2023-01-20T02:19:40Z
1,80,1,10g85f8,ProstateCancer,2023-01-20T04:50:55Z
1,81,1,10gopml,ProstateCancer,2023-01-20T16:37:47Z
1,82,1,10grwl7,ProstateCancer,2023-01-20T19:45:11Z
1,83,1,10gvt0d,ProstateCancer,2023-01-20T23:32:07Z
1,84,1,10hebuv,ProstateCancer,2023-01-21T11:46:51Z
1,85,1,10hi00r,ProstateCancer,2023-01-21T14:54:59Z
1,86,1,10hx7wv,ProstateCancer,2023-01-22T05:00:10Z
1,87,1,10hzmgu,ProstateCancer,2023-01-22T06:40:30Z
1,88,1,10ie155,ProstateCancer,2023-01-22T18:33:17Z
1,89,1,10is3dm,ProstateCancer,2023-01-23T06:37:37Z
1,90,1,10iz913,ProstateCancer,2023-01-23T11:41:06Z
1,91,1,10jkc2t,ProstateCancer,2023-01-24T05:58:59Z
1,92,1,10jsug8,ProstateCancer,2023-01-24T11:53:10Z
1,93,1,10jy0fu,ProstateCancer,2023-01-24T16:20:26Z
1,94,1,10k2wug,ProstateCancer,2023-01-24T21:59:48Z
1,95,1,10k9kin,ProstateCancer,2023-01-25T03:35:37Z
1,96,1,10k9qlf,ProstateCancer,2023-01-25T03:42:55Z
1,97,1,10karx9,ProstateCancer,2023-01-25T04:26:24Z
1,98,1,10kcs5p,ProstateCancer,2023-01-25T05:46:31Z
1,99,1,10ke6it,ProstateCancer,2023-01-25T06:43:19Z
1,100,1,10kegyn,ProstateCancer,2023-01-25T06:55:11Z
1,101,1,10kkf47,ProstateCancer,2023-01-25T10:58:38Z
1,102,1,10kmz5y,ProstateCancer,2023-01-25T12:56:34Z
1,103,1,10kow60,ProstateCancer,2023-01-25T14:30:08Z
1,104,1,10kq9zr,ProstateCancer,2023-01-25T15:42:28Z
1,105,1,10kyo3a,ProstateCancer,2023-01-26T00:30:50Z
1,106,1,10kyrd8,ProstateCancer,2023-01-26T00:35:28Z
1,107,1,10l4vnl,ProstateCancer,2023-01-26T04:56:03Z
1,108,1,10l7z5r,ProstateCancer,2023-01-26T06:56:08Z
1,109,1,10l8wo3,ProstateCancer,2023-01-26T07:33:06Z
1,110,1,10lv56n,ProstateCancer,2023-01-27T02:59:51Z
1,111,1,10m5asj,ProstateCancer,2023-01-27T10:01:25Z
1,112,1,10m6ca5,ProstateCancer,2023-01-27T10:47:46Z
1,113,1,10md9ql,ProstateCancer,2023-01-27T16:34:45Z
1,114,1,10mefpc,ProstateCancer,2023-01-27T17:44:37Z
1,115,1,10mh0wj,ProstateCancer,2023-01-27T20:41:30Z
1,116,1,10mnvl5,ProstateCancer,2023-01-28T02:40:50Z
1,117,1,10mnzl1,ProstateCancer,2023-01-28T02:45:21Z
1,118,1,10mu6ev,ProstateCancer,2023-01-28T06:49:48Z
1,119,1,10n1gwa,ProstateCancer,2023-01-28T11:48:22Z
1,120,1,10n4wsb,ProstateCancer,2023-01-28T14:28:41Z
1,121,1,10ni7ux,ProstateCancer,2023-01-29T02:53:24Z
1,122,1,10nklgr,ProstateCancer,2023-01-29T04:35:32Z
1,123,1,10nmzth,ProstateCancer,2023-01-29T06:16:41Z
1,124,1,10nom8s,ProstateCancer,2023-01-29T07:26:20Z
1,125,1,10nowqp,ProstateCancer,2023-01-29T07:38:49Z
1,126,1,10nu3dm,ProstateCancer,2023-01-29T11:25:07Z
1,127,1,10ob7rn,ProstateCancer,2023-01-30T03:09:45Z
1,128,1,10oqxzy,ProstateCancer,2023-01-30T14:04:10Z
1,129,1,10ove7m,ProstateCancer,2023-01-30T17:58:29Z
1,130,1,10p53jg,ProstateCancer,2023-01-31T02:09:09Z
1,131,1,10pezli,ProstateCancer,2023-01-31T08:43:08Z
1,132,1,10pj37x,ProstateCancer,2023-01-31T11:31:02Z
1,133,1,10q1y5c,ProstateCancer,2023-02-01T02:30:14Z
1,134,1,10q4coa,ProstateCancer,2023-02-01T04:05:10Z
1,135,1,10q89gd,ProstateCancer,2023-02-01T06:37:44Z
1,136,1,10q8e7a,ProstateCancer,2023-02-01T06:43:04Z
1,137,1,10qdr1x,ProstateCancer,2023-02-01T10:18:01Z
1,138,1,10qfuhv,ProstateCancer,2023-02-01T11:48:40Z
1,139,1,10qie1e,ProstateCancer,2023-02-01T13:44:15Z
1,140,1,10qrikm,ProstateCancer,2023-02-01T22:29:47Z
1,141,1,10quqp9,ProstateCancer,2023-02-02T00:29:22Z
1,142,1,10r169u,ProstateCancer,2023-02-02T04:57:10Z
1,143,1,10r1qwi,ProstateCancer,2023-02-02T05:18:20Z
1,144,1,10r7zg1,ProstateCancer,2023-02-02T09:15:43Z
1,145,1,10raqk7,ProstateCancer,2023-02-02T11:05:57Z
1,146,1,10rlqdi,ProstateCancer,2023-02-02T20:22:30Z
1,147,1,10rvkqk,ProstateCancer,2023-02-03T04:33:28Z
1,148,1,10s0389,ProstateCancer,2023-02-03T07:34:33Z
1,149,1,10sbsa2,ProstateCancer,2023-02-03T16:05:42Z
1,150,1,10so82f,ProstateCancer,2023-02-04T03:18:14Z
1,151,1,10spx40,ProstateCancer,2023-02-04T04:27:38Z
1,152,1,10sslyz,ProstateCancer,2023-02-04T06:18:02Z
1,153,1,10svp8i,ProstateCancer,2023-02-04T08:23:30Z
1,154,1,10ub98i,ProstateCancer,2023-02-05T23:24:12Z
1,155,1,10ud1yf,ProstateCancer,2023-02-06T00:57:33Z
1,156,1,10urj52,ProstateCancer,2023-02-06T10:50:17Z
1,157,1,10uwc1i,ProstateCancer,2023-02-06T14:26:27Z
1,158,1,10v9cv1,ProstateCancer,2023-02-07T02:27:42Z
1,159,1,10vh4ao,ProstateCancer,2023-02-07T07:25:49Z
1,160,1,10vhbc6,ProstateCancer,2023-02-07T07:33:07Z
1,161,1,10vlgnj,ProstateCancer,2023-02-07T10:15:59Z
1,162,1,10vwnme,ProstateCancer,2023-02-07T19:18:49Z
1,163,1,10w94um,ProstateCancer,2023-02-08T05:27:59Z
1,164,1,10wa05y,ProstateCancer,2023-02-08T06:02:05Z
1,165,1,10wo4b7,ProstateCancer,2023-02-08T16:12:59Z
1,166,1,10wque6,ProstateCancer,2023-02-08T18:49:10Z
1,167,1,10x2cxx,ProstateCancer,2023-02-09T03:01:48Z
1,168,1,10xaody,ProstateCancer,2023-02-09T08:02:35Z
1,169,1,10xvesg,ProstateCancer,2023-02-10T00:59:20Z
1,170,1,10y2gof,ProstateCancer,2023-02-10T05:42:43Z
1,171,1,10y59nx,ProstateCancer,2023-02-10T07:29:04Z
1,172,1,10y5o39,ProstateCancer,2023-02-10T07:45:06Z
1,173,1,10y7pl0,ProstateCancer,2023-02-10T09:05:54Z
1,174,1,10ynfzi,ProstateCancer,2023-02-10T20:55:02Z
1,175,1,10z3v6y,ProstateCancer,2023-02-11T08:39:49Z
1,176,1,10z6wl7,ProstateCancer,2023-02-11T11:00:58Z
1,177,1,1100h14,ProstateCancer,2023-02-12T09:58:13Z
1,178,1,110m2d2,ProstateCancer,2023-02-13T05:07:16Z
1,179,1,111cwsz,ProstateCancer,2023-02-14T03:12:52Z
1,180,1,111edr6,ProstateCancer,2023-02-14T04:13:40Z
1,181,1,111f0lw,ProstateCancer,2023-02-14T04:40:12Z
1,182,1,111gber,ProstateCancer,2023-02-14T05:34:37Z
1,183,1,111ggoe,ProstateCancer,2023-02-14T05:40:31Z
1,184,1,111pfyx,ProstateCancer,2023-02-14T11:55:15Z
1,185,1,111qqxl,ProstateCancer,2023-02-14T12:57:45Z
1,186,1,11247v6,ProstateCancer,2023-02-14T23:28:59Z
1,187,1,112484a,ProstateCancer,2023-02-14T23:29:21Z
1,188,1,1127dil,ProstateCancer,2023-02-15T01:58:27Z
1,189,1,1127sv3,ProstateCancer,2023-02-15T02:15:33Z
1,190,1,1127uqm,ProstateCancer,2023-02-15T02:17:47Z
1,191,1,112a2ps,ProstateCancer,2023-02-15T03:51:05Z
1,192,1,112gxki,ProstateCancer,2023-02-15T08:39:33Z
1,193,1,112o46i,ProstateCancer,2023-02-15T14:16:40Z
1,194,1,112rnbr,ProstateCancer,2023-02-15T17:44:18Z
1,195,1,112sxy6,ProstateCancer,2023-02-15T19:09:40Z
1,196,1,1130tu6,ProstateCancer,2023-02-16T02:38:37Z
1,197,1,11360uv,ProstateCancer,2023-02-16T06:16:25Z
1,198,1,113fhvm,ProstateCancer,2023-02-16T13:21:11Z
1,199,1,113fvds,ProstateCancer,2023-02-16T13:40:12Z
1,200,1,113ldtg,ProstateCancer,2023-02-16T19:01:33Z
1,201,1,113yb6m,ProstateCancer,2023-02-17T06:06:31Z
1,202,1,113yum4,ProstateCancer,2023-02-17T06:29:41Z
1,203,1,11452p4,ProstateCancer,2023-02-17T10:54:09Z
1,204,1,114prq3,ProstateCancer,2023-02-18T02:58:19Z
1,205,1,114qc7h,ProstateCancer,2023-02-18T03:12:22Z
1,206,1,114r7qn,ProstateCancer,2023-02-18T03:39:45Z
1,207,1,114sb5w,ProstateCancer,2023-02-18T04:23:00Z
1,208,1,114vcuj,ProstateCancer,2023-02-18T06:31:24Z
1,209,1,1151y3h,ProstateCancer,2023-02-18T11:17:26Z
1,210,1,11533oa,ProstateCancer,2023-02-18T12:13:02Z
1,211,1,1154ldg,ProstateCancer,2023-02-18T13:28:38Z
1,212,1,115bx5r,ProstateCancer,2023-02-18T20:55:24Z
1,213,1,115dfq0,ProstateCancer,2023-02-18T22:36:47Z
1,214,1,115dn7h,ProstateCancer,2023-02-18T22:50:41Z
1,215,1,115io7n,ProstateCancer,2023-02-19T03:09:04Z
1,216,1,115n5zf,ProstateCancer,2023-02-19T06:29:47Z
1,217,1,115qpt5,ProstateCancer,2023-02-19T07:51:29Z
1,218,1,115u5ob,ProstateCancer,2023-02-19T09:35:07Z
1,219,1,116mcbd,ProstateCancer,2023-02-20T06:58:45Z
1,220,1,117jxhf,ProstateCancer,2023-02-21T07:42:23Z
1,221,1,117o8pa,ProstateCancer,2023-02-21T10:35:15Z
1,222,1,117p8kw,ProstateCancer,2023-02-21T11:19:22Z
1,223,1,1181iqu,ProstateCancer,2023-02-21T22:43:45Z
1,224,1,118fdlp,ProstateCancer,2023-02-22T08:19:25Z
1,225,1,118icfc,ProstateCancer,2023-02-22T10:18:51Z
1,226,1,118lxy3,ProstateCancer,2023-02-22T13:02:31Z
1,227,1,118nf5f,ProstateCancer,2023-02-22T14:14:43Z
1,228,1,118nso6,ProstateCancer,2023-02-22T14:33:35Z
1,229,1,118o1a9,ProstateCancer,2023-02-22T14:45:54Z
1,230,1,118xxvh,ProstateCancer,2023-02-23T00:03:40Z
1,231,1,1193xdk,ProstateCancer,2023-02-23T03:21:23Z
1,232,1,11951r1,ProstateCancer,2023-02-23T04:05:53Z
1,233,1,119d176,ProstateCancer,2023-02-23T08:04:07Z
1,234,1,119n734,ProstateCancer,2023-02-23T14:30:19Z
1,235,1,119ohje,ProstateCancer,2023-02-23T15:32:57Z
1,236,1,11abpj8,ProstateCancer,2023-02-24T10:07:42Z
1,237,1,11adzg2,ProstateCancer,2023-02-24T11:48:15Z
1,238,1,11afu2q,ProstateCancer,2023-02-24T13:16:12Z
1,239,1,11ail7d,ProstateCancer,2023-02-24T15:36:43Z
1,240,1,11azhxa,ProstateCancer,2023-02-25T06:18:01Z
1,241,1,11b2z27,ProstateCancer,2023-02-25T08:42:27Z
1,242,1,11b48e9,ProstateCancer,2023-02-25T09:35:05Z
1,243,1,11b5byr,ProstateCancer,2023-02-25T10:21:32Z
1,244,1,11bh7xt,ProstateCancer,2023-02-25T20:47:46Z
1,245,1,11bmdou,ProstateCancer,2023-02-26T01:33:35Z
1,246,1,11by8ih,ProstateCancer,2023-02-26T09:50:18Z
1,247,1,11cb3zf,ProstateCancer,2023-02-26T20:55:29Z
1,248,1,11cia7z,ProstateCancer,2023-02-27T01:18:28Z
1,249,1,11cl7zq,ProstateCancer,2023-02-27T03:20:14Z
1,250,1,11cppmn,ProstateCancer,2023-02-27T06:09:02Z
1,251,1,11cqkz5,ProstateCancer,2023-02-27T06:43:49Z
1,252,1,11ct49f,ProstateCancer,2023-02-27T08:22:30Z
1,253,1,11cvhl6,ProstateCancer,2023-02-27T09:55:35Z
1,254,1,11d9y7c,ProstateCancer,2023-02-27T22:47:50Z
1,255,1,11df5vg,ProstateCancer,2023-02-28T02:54:52Z
1,256,1,11diczu,ProstateCancer,2023-02-28T05:06:06Z
1,257,1,11dtzsh,ProstateCancer,2023-02-28T13:10:33Z
1,258,1,11dvoa7,ProstateCancer,2023-02-28T14:30:28Z
1,259,1,11eeeo5,ProstateCancer,2023-03-01T04:26:52Z
1,260,1,11egmcr,ProstateCancer,2023-03-01T05:56:15Z
1,261,1,11ej6r2,ProstateCancer,2023-03-01T07:35:48Z
1,262,1,11eltgz,ProstateCancer,2023-03-01T09:19:04Z
1,263,1,11em9fk,ProstateCancer,2023-03-01T09:36:46Z
1,264,1,11epa26,ProstateCancer,2023-03-01T11:42:23Z
1,265,1,11erv3b,ProstateCancer,2023-03-01T13:38:55Z
1,266,1,11f433y,ProstateCancer,2023-03-02T00:42:25Z
1,267,1,11fjb8x,ProstateCancer,2023-03-02T08:52:46Z
1,268,1,11fnds8,ProstateCancer,2023-03-02T11:31:43Z
1,269,1,11gd23q,ProstateCancer,2023-03-03T07:28:54Z
1,270,1,11gpo9x,ProstateCancer,2023-03-03T14:15:33Z
1,271,1,11haauc,ProstateCancer,2023-03-04T05:23:45Z
1,272,1,11hahm8,ProstateCancer,2023-03-04T05:27:49Z
1,273,1,11haz7f,ProstateCancer,2023-03-04T05:39:58Z
1,274,1,11hnf3t,ProstateCancer,2023-03-04T13:53:52Z
1,275,1,11hngxj,ProstateCancer,2023-03-04T13:56:12Z
1,276,1,11hp1w1,ProstateCancer,2023-03-04T15:10:13Z
1,277,1,11hpk4g,ProstateCancer,2023-03-04T15:34:50Z
1,278,1,11i173d,ProstateCancer,2023-03-05T02:00:28Z
1,279,1,11i1b7z,ProstateCancer,2023-03-05T02:05:06Z
1,280,1,11i1sz2,ProstateCancer,2023-03-05T02:25:13Z
1,281,1,11i91cz,ProstateCancer,2023-03-05T05:22:44Z
1,282,1,11iagw2,ProstateCancer,2023-03-05T06:18:43Z
1,283,1,11iip58,ProstateCancer,2023-03-05T11:48:00Z
1,284,1,11irj6k,ProstateCancer,2023-03-05T19:09:54Z
1,285,1,11juusi,ProstateCancer,2023-03-06T21:13:49Z
1,286,1,11jvvmc,ProstateCancer,2023-03-06T22:07:49Z
1,287,1,11jwg1m,ProstateCancer,2023-03-06T22:36:22Z
1,288,1,11kl92x,ProstateCancer,2023-03-07T12:41:21Z
1,289,1,11kz1ci,ProstateCancer,2023-03-08T00:13:47Z
1,290,1,11l07ib,ProstateCancer,2023-03-08T01:04:11Z
1,291,1,11l3psi,ProstateCancer,2023-03-08T03:22:21Z
1,292,1,11l6rmf,ProstateCancer,2023-03-08T05:17:05Z
1,293,1,11l9280,ProstateCancer,2023-03-08T06:42:16Z
1,294,1,11lbc9l,ProstateCancer,2023-03-08T08:05:41Z
1,295,1,11lcusa,ProstateCancer,2023-03-08T09:01:26Z
1,296,1,11lfkea,ProstateCancer,2023-03-08T10:41:54Z
1,297,1,11lgcl6,ProstateCancer,2023-03-08T11:12:43Z
1,298,1,11ljczi,ProstateCancer,2023-03-08T13:20:40Z
1,299,1,11lr4l0,ProstateCancer,2023-03-08T19:47:09Z
1,300,1,11lzpp3,ProstateCancer,2023-03-09T02:47:56Z
1,301,1,11lzt5s,ProstateCancer,2023-03-09T02:51:45Z
1,302,1,11lzxcj,ProstateCancer,2023-03-09T02:56:11Z
1,303,1,11m5rx9,ProstateCancer,2023-03-09T06:36:23Z
1,304,1,11m8908,ProstateCancer,2023-03-09T08:09:40Z
1,305,1,11m8ew5,ProstateCancer,2023-03-09T08:15:40Z
1,306,1,11m9tyo,ProstateCancer,2023-03-09T09:10:41Z
1,307,1,11ma0qm,ProstateCancer,2023-03-09T09:17:52Z
1,308,1,11mfenx,ProstateCancer,2023-03-09T12:57:55Z
1,309,1,11mgrjy,ProstateCancer,2023-03-09T13:59:20Z
1,310,1,11mh8if,ProstateCancer,2023-03-09T14:20:46Z
1,311,1,11mhfv3,ProstateCancer,2023-03-09T14:30:20Z
1,312,1,11mi3nb,ProstateCancer,2023-03-09T15:01:49Z
1,313,1,11mkult,ProstateCancer,2023-03-09T17:24:00Z
1,314,1,11ml08z,ProstateCancer,2023-03-09T17:32:49Z
1,315,1,11mpdmi,ProstateCancer,2023-03-09T22:02:01Z
1,316,1,11mtjcy,ProstateCancer,2023-03-10T01:25:36Z
1,317,1,11mvqog,ProstateCancer,2023-03-10T02:55:37Z
1,318,1,11n1icp,ProstateCancer,2023-03-10T06:38:13Z
1,319,1,11n55rs,ProstateCancer,2023-03-10T08:57:38Z
1,320,1,11n5mvy,ProstateCancer,2023-03-10T09:14:59Z
1,321,1,11n7paf,ProstateCancer,2023-03-10T10:32:01Z
1,322,1,11n9nof,ProstateCancer,2023-03-10T11:50:46Z
1,323,1,11nb7wc,ProstateCancer,2023-03-10T12:57:06Z
1,324,1,11nda87,ProstateCancer,2023-03-10T14:25:57Z
1,325,1,11nkdu1,ProstateCancer,2023-03-10T20:29:15Z
1,326,1,11notyt,ProstateCancer,2023-03-11T00:11:20Z
1,327,1,11nvnxl,ProstateCancer,2023-03-11T04:44:56Z
1,328,1,11nya0k,ProstateCancer,2023-03-11T06:25:25Z
1,329,1,11o24de,ProstateCancer,2023-03-11T08:57:04Z
1,330,1,11o7qd6,ProstateCancer,2023-03-11T12:59:20Z
1,331,1,11o9ggs,ProstateCancer,2023-03-11T14:24:51Z
1,332,1,11ojk1b,ProstateCancer,2023-03-11T23:57:04Z
1,333,1,11onnx4,ProstateCancer,2023-03-12T03:00:19Z
1,334,1,11oo507,ProstateCancer,2023-03-12T03:20:15Z
1,335,1,11ote8d,ProstateCancer,2023-03-12T06:55:52Z
1,336,1,11oufjh,ProstateCancer,2023-03-12T07:38:14Z
1,337,1,11p2kf2,ProstateCancer,2023-03-12T13:21:46Z
1,338,1,11p37vj,ProstateCancer,2023-03-12T13:51:55Z
1,339,1,11patq8,ProstateCancer,2023-03-12T20:58:13Z
1,340,1,11payvc,ProstateCancer,2023-03-12T21:06:11Z
1,341,1,11pezxr,ProstateCancer,2023-03-13T00:50:25Z
1,342,1,11potq4,ProstateCancer,2023-03-13T07:25:27Z
1,343,1,11pptq3,ProstateCancer,2023-03-13T08:04:57Z
1,344,1,11pwpmw,ProstateCancer,2023-03-13T12:50:51Z
1,345,1,11pzrzw,ProstateCancer,2023-03-13T15:15:26Z
1,346,1,11qh8ic,ProstateCancer,2023-03-14T05:23:16Z
1,347,1,11qn3sn,ProstateCancer,2023-03-14T08:54:23Z
1,348,1,11qtcnz,ProstateCancer,2023-03-14T12:58:57Z
1,349,1,11r5xka,ProstateCancer,2023-03-15T00:20:32Z
1,350,1,11revvb,ProstateCancer,2023-03-15T05:53:50Z
1,351,1,11rh091,ProstateCancer,2023-03-15T11:59:30Z
1,352,1,11rz43n,ProstateCancer,2023-03-16T02:06:26Z
1,353,1,11s0i1u,ProstateCancer,2023-03-16T02:55:57Z
1,354,1,11s3m8x,ProstateCancer,2023-03-16T04:46:49Z
1,355,1,11s53tl,ProstateCancer,2023-03-16T05:37:54Z
1,356,1,11s6bhu,ProstateCancer,2023-03-16T06:19:59Z
1,357,1,11s9rw1,ProstateCancer,2023-03-16T08:24:27Z
1,358,1,11scfbc,ProstateCancer,2023-03-16T10:02:59Z
1,359,1,11scod2,ProstateCancer,2023-03-16T10:13:04Z
1,360,1,11suffb,ProstateCancer,2023-03-17T00:37:57Z
1,361,1,11sygb3,ProstateCancer,2023-03-17T03:12:51Z
1,362,1,11szcpk,ProstateCancer,2023-03-17T03:45:57Z
1,363,1,11t26m5,ProstateCancer,2023-03-17T05:29:06Z
1,364,1,11t7vc6,ProstateCancer,2023-03-17T09:08:19Z
1,365,1,11teate,ProstateCancer,2023-03-17T13:18:14Z
1,366,1,11tjrt6,ProstateCancer,2023-03-17T18:03:06Z
1,367,1,11twn8p,ProstateCancer,2023-03-18T03:51:56Z
1,368,1,11u8447,ProstateCancer,2023-03-18T10:45:28Z
1,369,1,11un8n3,ProstateCancer,2023-03-18T23:32:40Z
1,370,1,11uqf29,ProstateCancer,2023-03-19T01:48:50Z
1,371,1,11usvtu,ProstateCancer,2023-03-19T03:29:16Z
1,372,1,11uu9gy,ProstateCancer,2023-03-19T04:23:23Z
1,373,1,11v0mb9,ProstateCancer,2023-03-19T08:01:50Z
1,374,1,11v31eu,ProstateCancer,2023-03-19T09:33:26Z
1,375,1,11v554o,ProstateCancer,2023-03-19T10:57:04Z
1,376,1,11v5y2n,ProstateCancer,2023-03-19T11:29:52Z
1,377,1,11vr723,ProstateCancer,2023-03-20T04:21:52Z
1,378,1,11vukgh,ProstateCancer,2023-03-20T06:13:12Z
1,379,1,11wt8j1,ProstateCancer,2023-03-21T06:36:42Z
1,380,1,11x4jzb,ProstateCancer,2023-03-21T13:43:46Z
1,381,1,11xa6eb,ProstateCancer,2023-03-21T18:51:26Z
1,382,1,11xc2kh,ProstateCancer,2023-03-21T20:36:09Z
1,383,1,11xl1jr,ProstateCancer,2023-03-22T02:56:16Z
1,384,1,11y3wqb,ProstateCancer,2023-03-22T13:30:36Z
1,385,1,11y70xu,ProstateCancer,2023-03-22T15:34:55Z
1,386,1,11yft1p,ProstateCancer,2023-03-22T22:18:44Z
1,387,1,11yibk5,ProstateCancer,2023-03-22T23:56:04Z
1,388,1,11yk4dl,ProstateCancer,2023-03-23T01:05:16Z
1,389,1,11ynxnb,ProstateCancer,2023-03-23T03:17:40Z
1,390,1,11yujfs,ProstateCancer,2023-03-23T06:54:18Z
1,391,1,11yxxoa,ProstateCancer,2023-03-23T08:48:16Z
1,392,1,11z0y0y,ProstateCancer,2023-03-23T10:29:54Z
1,393,1,11z2ywr,ProstateCancer,2023-03-23T11:42:25Z
1,394,1,11z6fel,ProstateCancer,2023-03-23T13:54:09Z
1,395,1,11z8j6j,ProstateCancer,2023-03-23T15:19:16Z
1,396,1,11ziv55,ProstateCancer,2023-03-23T23:29:43Z
1,397,1,11zo259,ProstateCancer,2023-03-24T02:37:01Z
1,398,1,11zqxvu,ProstateCancer,2023-03-24T04:18:04Z
1,399,1,11ztr5u,ProstateCancer,2023-03-24T05:58:36Z
1,400,1,11zv37w,ProstateCancer,2023-03-24T06:47:07Z
1,401,1,120o891,ProstateCancer,2023-03-25T02:46:34Z
1,402,1,120t7ax,ProstateCancer,2023-03-25T05:26:03Z
1,403,1,120wf33,ProstateCancer,2023-03-25T06:59:59Z
1,404,1,120ze0k,ProstateCancer,2023-03-25T08:30:44Z
1,405,1,1212u5h,ProstateCancer,2023-03-25T10:29:08Z
1,406,1,121atm2,ProstateCancer,2023-03-25T15:40:09Z
1,407,1,121iypi,ProstateCancer,2023-03-25T22:26:35Z
1,408,1,121prbw,ProstateCancer,2023-03-26T02:42:11Z
1,409,1,121u6cf,ProstateCancer,2023-03-26T05:13:17Z
1,410,1,121yfkb,ProstateCancer,2023-03-26T07:40:29Z
1,411,1,122bjw5,ProstateCancer,2023-03-26T15:57:28Z
1,412,1,122ib15,ProstateCancer,2023-03-26T21:39:25Z
1,413,1,122w0f5,ProstateCancer,2023-03-27T06:04:24Z
1,414,1,123242k,ProstateCancer,2023-03-27T09:30:19Z
1,415,1,1232qce,ProstateCancer,2023-03-27T09:52:46Z
1,416,1,123nrsi,ProstateCancer,2023-03-28T01:01:40Z
1,417,1,123wahr,ProstateCancer,2023-03-28T05:46:43Z
1,418,1,1244hn1,ProstateCancer,2023-03-28T10:13:49Z
1,419,1,124k7eo,ProstateCancer,2023-03-28T21:23:00Z
1,420,1,124xuq5,ProstateCancer,2023-03-29T05:32:59Z
1,421,1,124z3ts,ProstateCancer,2023-03-29T06:16:35Z
1,422,1,1259v50,ProstateCancer,2023-03-29T13:02:05Z
1,423,1,125jjl7,ProstateCancer,2023-03-29T21:26:48Z
1,424,1,125knxp,ProstateCancer,2023-03-29T22:09:50Z
1,425,1,125rche,ProstateCancer,2023-03-30T02:22:40Z
1,426,1,1260mfs,ProstateCancer,2023-03-30T08:02:28Z
1,427,1,126899o,ProstateCancer,2023-03-30T13:09:07Z
1,428,1,1268xav,ProstateCancer,2023-03-30T13:37:59Z
1,429,1,126blmg,ProstateCancer,2023-03-30T15:28:33Z
1,430,1,126d1xy,ProstateCancer,2023-03-30T16:42:46Z
1,431,1,126ptbg,ProstateCancer,2023-03-31T02:09:30Z
1,432,1,126xrhp,ProstateCancer,2023-03-31T07:07:16Z
1,433,1,126zv2f,ProstateCancer,2023-03-31T08:29:32Z
1,434,1,12711db,ProstateCancer,2023-03-31T09:15:00Z
1,435,1,1271rc0,ProstateCancer,2023-03-31T09:42:22Z
1,436,1,127407p,ProstateCancer,2023-03-31T11:09:53Z
1,437,1,127rscm,ProstateCancer,2023-04-01T03:59:44Z
1,438,1,127sbhd,ProstateCancer,2023-04-01T04:17:27Z
1,439,1,1284fdy,ProstateCancer,2023-04-01T10:54:52Z
1,440,1,128gv1c,ProstateCancer,2023-04-01T20:22:19Z
1,441,1,128imtj,ProstateCancer,2023-04-01T21:50:17Z
1,442,1,128rk8w,ProstateCancer,2023-04-02T02:41:24Z
1,443,1,12a0xu0,ProstateCancer,2023-04-03T08:44:09Z
1,444,1,12aapxp,ProstateCancer,2023-04-03T15:35:31Z
1,445,1,12ahrs3,ProstateCancer,2023-04-03T21:43:05Z
1,446,1,12ajoor,ProstateCancer,2023-04-03T22:58:53Z
1,447,1,12ak9q6,ProstateCancer,2023-04-03T23:20:17Z
1,448,1,12ali10,ProstateCancer,2023-04-04T00:04:42Z
1,449,1,12aq7f1,ProstateCancer,2023-04-04T02:50:24Z
1,450,1,12awil6,ProstateCancer,2023-04-04T06:21:14Z
1,451,1,12b3lpb,ProstateCancer,2023-04-04T10:33:04Z
1,452,1,12bjcvq,ProstateCancer,2023-04-04T23:34:13Z
1,453,1,12byymw,ProstateCancer,2023-04-05T08:27:25Z
1,454,1,12cd67y,ProstateCancer,2023-04-05T18:20:56Z
1,455,1,12cl8i7,ProstateCancer,2023-04-05T23:57:22Z
1,456,1,12cmqch,ProstateCancer,2023-04-06T00:46:45Z
1,457,1,12ctzih,ProstateCancer,2023-04-06T04:48:34Z
1,458,1,12dm1qk,ProstateCancer,2023-04-07T00:28:31Z
1,459,1,12dp8ln,ProstateCancer,2023-04-07T02:17:17Z
1,460,1,12duh9i,ProstateCancer,2023-04-07T05:08:49Z
1,461,1,12dw6zy,ProstateCancer,2023-04-07T06:04:52Z
1,462,1,12em6b1,ProstateCancer,2023-04-07T23:57:17Z
1,463,1,12eoipo,ProstateCancer,2023-04-08T01:14:19Z
1,464,1,12eril5,ProstateCancer,2023-04-08T02:50:36Z
1,465,1,12f40pb,ProstateCancer,2023-04-08T09:43:32Z
1,466,1,12f45hz,ProstateCancer,2023-04-08T09:48:14Z
1,467,1,12fasy3,ProstateCancer,2023-04-08T14:03:10Z
1,468,1,12fuyyv,ProstateCancer,2023-04-09T04:54:14Z
1,469,1,12g00ht,ProstateCancer,2023-04-09T08:08:05Z
1,470,1,12gg86m,ProstateCancer,2023-04-09T21:01:10Z
1,471,1,12gt6z9,ProstateCancer,2023-04-10T05:33:58Z
1,472,1,12gtv4s,ProstateCancer,2023-04-10T05:58:30Z
1,473,1,12gzxzk,ProstateCancer,2023-04-10T09:38:25Z
1,474,1,12h04yn,ProstateCancer,2023-04-10T09:45:46Z
1,475,1,12h7x5y,ProstateCancer,2023-04-10T15:08:55Z
1,476,1,12hazxt,ProstateCancer,2023-04-10T17:37:58Z
1,477,1,12hhiwd,ProstateCancer,2023-04-10T22:36:22Z
1,478,1,12hwlst,ProstateCancer,2023-04-11T07:18:03Z
1,479,1,12i1bb1,ProstateCancer,2023-04-11T09:56:21Z
1,480,1,12ih7qx,ProstateCancer,2023-04-11T21:46:43Z
1,481,1,12isdiq,ProstateCancer,2023-04-12T04:14:43Z
1,482,1,12iswq9,ProstateCancer,2023-04-12T04:31:38Z
1,483,1,12j1b3c,ProstateCancer,2023-04-12T09:09:29Z
1,484,1,12j4pkl,ProstateCancer,2023-04-12T11:09:13Z
1,485,1,12j72nd,ProstateCancer,2023-04-12T12:38:27Z
1,486,1,12ji18v,ProstateCancer,2023-04-12T20:45:02Z
1,487,1,12jja4l,ProstateCancer,2023-04-12T21:36:41Z
1,488,1,12jnlle,ProstateCancer,2023-04-13T00:15:50Z
1,489,1,12js3rl,ProstateCancer,2023-04-13T02:47:17Z
1,490,1,12k1k1r,ProstateCancer,2023-04-13T08:17:48Z
1,491,1,12k8m45,ProstateCancer,2023-04-13T12:25:04Z
1,492,1,12krna5,ProstateCancer,2023-04-14T00:47:04Z
1,493,1,12kz3r9,ProstateCancer,2023-04-14T04:43:00Z
1,494,1,12l8gs2,ProstateCancer,2023-04-14T08:18:13Z
1,495,1,12lgehi,ProstateCancer,2023-04-14T12:25:44Z
1,496,1,12lh39r,ProstateCancer,2023-04-14T12:49:52Z
1,497,1,12lr6t6,ProstateCancer,2023-04-14T19:31:09Z
1,498,1,12lu6k5,ProstateCancer,2023-04-14T21:32:34Z
1,499,1,12m8un7,ProstateCancer,2023-04-15T04:57:51Z
1,500,1,12n184h,ProstateCancer,2023-04-15T22:45:43Z
1,501,1,12nekir,ProstateCancer,2023-04-16T04:54:22Z
1,502,1,12npmcf,ProstateCancer,2023-04-16T11:09:05Z
1,503,1,12nwiuu,ProstateCancer,2023-04-16T15:19:24Z
1,504,1,12ofza6,ProstateCancer,2023-04-17T02:26:20Z
1,505,1,12owfab,ProstateCancer,2023-04-17T11:16:34Z
1,506,1,12qa82n,ProstateCancer,2023-04-18T14:23:19Z
1,507,1,12qcod9,ProstateCancer,2023-04-18T15:59:03Z
1,508,1,12qovqa,ProstateCancer,2023-04-19T00:28:32Z
1,509,1,12r4boh,ProstateCancer,2023-04-19T07:03:59Z
1,510,1,12r5baj,ProstateCancer,2023-04-19T07:35:43Z
1,511,1,12s1v7u,ProstateCancer,2023-04-20T02:30:09Z
1,512,1,12s5bdq,ProstateCancer,2023-04-20T04:20:31Z
1,513,1,12sdxtx,ProstateCancer,2023-04-20T09:15:20Z
1,514,1,12sqo0z,ProstateCancer,2023-04-20T18:00:48Z
1,515,1,12suc9a,ProstateCancer,2023-04-20T20:46:08Z
1,516,1,12tayss,ProstateCancer,2023-04-21T04:40:40Z
1,517,1,12tsype,ProstateCancer,2023-04-21T16:40:20Z
1,518,1,12uiakh,ProstateCancer,2023-04-22T07:03:20Z
1,519,1,12v8mmg,ProstateCancer,2023-04-23T01:04:08Z
1,520,1,12vfko2,ProstateCancer,2023-04-23T04:57:15Z
1,521,1,12vk7mx,ProstateCancer,2023-04-23T07:35:43Z
1,522,1,12vpcml,ProstateCancer,2023-04-23T10:36:26Z
1,523,1,12vtj32,ProstateCancer,2023-04-23T13:10:57Z
1,524,1,12w0g8q,ProstateCancer,2023-04-23T17:53:20Z
1,525,1,12wjce5,ProstateCancer,2023-04-24T03:35:57Z
1,526,1,12wmori,ProstateCancer,2023-04-24T05:16:35Z
1,527,1,12wmpth,ProstateCancer,2023-04-24T05:17:33Z
1,528,1,12x3ec5,ProstateCancer,2023-04-24T14:41:44Z
1,529,1,12y0vr2,ProstateCancer,2023-04-25T09:42:16Z
1,530,1,12y5ltp,ProstateCancer,2023-04-25T12:40:22Z
1,531,1,12yfqqm,ProstateCancer,2023-04-25T20:50:25Z
1,532,1,12yn7kz,ProstateCancer,2023-04-26T01:47:42Z
1,533,1,12yo19e,ProstateCancer,2023-04-26T02:17:30Z
1,534,1,12yrxbp,ProstateCancer,2023-04-26T04:38:04Z
1,535,1,12yu39x,ProstateCancer,2023-04-26T05:56:22Z
1,536,1,12ywfgz,ProstateCancer,2023-04-26T07:19:07Z
1,537,1,12yzuni,ProstateCancer,2023-04-26T09:34:01Z
1,538,1,12z2wfa,ProstateCancer,2023-04-26T11:50:10Z
1,539,1,12zcwn0,ProstateCancer,2023-04-26T20:10:45Z
1,540,1,12zdwvn,ProstateCancer,2023-04-26T20:58:48Z
1,541,1,12zj12r,ProstateCancer,2023-04-27T00:19:42Z
1,542,1,12zr46e,ProstateCancer,2023-04-27T03:28:15Z
1,543,1,12zryi4,ProstateCancer,2023-04-27T03:59:23Z
1,544,1,12zskmh,ProstateCancer,2023-04-27T04:22:06Z
1,545,1,1302v4n,ProstateCancer,2023-04-27T09:13:23Z
1,546,1,130buow,ProstateCancer,2023-04-27T16:15:22Z
1,547,1,130c5wl,ProstateCancer,2023-04-27T16:32:14Z
1,548,1,130n1zh,ProstateCancer,2023-04-27T23:59:24Z
1,549,1,13184c8,ProstateCancer,2023-04-28T07:38:28Z
1,550,1,131a6du,ProstateCancer,2023-04-28T08:53:55Z
1,551,1,131d3bf,ProstateCancer,2023-04-28T10:57:39Z
1,552,1,131erdy,ProstateCancer,2023-04-28T12:13:57Z
1,553,1,131g1b0,ProstateCancer,2023-04-28T13:14:24Z
1,554,1,1326rq5,ProstateCancer,2023-04-29T05:05:37Z
1,555,1,1331xl0,ProstateCancer,2023-04-30T03:40:33Z
1,556,1,133mzto,ProstateCancer,2023-04-30T21:42:42Z
1,557,1,134n4uy,ProstateCancer,2023-05-01T23:54:44Z
1,558,1,134njp3,ProstateCancer,2023-05-02T00:11:00Z
1,559,1,134u5gq,ProstateCancer,2023-05-02T03:22:40Z
1,560,1,134xx9m,ProstateCancer,2023-05-02T04:56:09Z
1,561,1,134z0ez,ProstateCancer,2023-05-02T05:37:55Z
1,562,1,1351ndw,ProstateCancer,2023-05-02T07:20:26Z
1,563,1,1354zgx,ProstateCancer,2023-05-02T09:34:16Z
1,564,1,135ibfm,ProstateCancer,2023-05-02T21:26:30Z
1,565,1,135jlnc,ProstateCancer,2023-05-02T22:22:04Z
1,566,1,135sfem,ProstateCancer,2023-05-03T02:13:27Z
1,567,1,135uk3e,ProstateCancer,2023-05-03T03:30:51Z
1,568,1,135v9ix,ProstateCancer,2023-05-03T03:56:01Z
1,569,1,1364wd1,ProstateCancer,2023-05-03T10:11:24Z
1,570,1,1366es1,ProstateCancer,2023-05-03T11:19:20Z
1,571,1,1368fuv,ProstateCancer,2023-05-03T12:54:14Z
1,572,1,136dllp,ProstateCancer,2023-05-03T17:31:18Z
1,573,1,136kre5,ProstateCancer,2023-05-03T23:36:29Z
1,574,1,136ksyh,ProstateCancer,2023-05-03T23:38:19Z
1,575,1,136pflp,ProstateCancer,2023-05-04T01:05:54Z
1,576,1,136t7er,ProstateCancer,2023-05-04T03:06:47Z
1,577,1,1373ogm,ProstateCancer,2023-05-04T09:49:29Z
1,578,1,1374xtd,ProstateCancer,2023-05-04T10:45:35Z
1,579,1,1375aix,ProstateCancer,2023-05-04T11:02:00Z
1,580,1,1379115,ProstateCancer,2023-05-04T13:47:28Z
1,581,1,137h5wu,ProstateCancer,2023-05-04T20:58:29Z
1,582,1,137jzmi,ProstateCancer,2023-05-04T23:01:30Z
1,583,1,137km8a,ProstateCancer,2023-05-04T23:25:24Z
1,584,1,137tpi5,ProstateCancer,2023-05-05T03:17:39Z
1,585,1,1387bhy,ProstateCancer,2023-05-05T12:03:33Z
1,586,1,1389gh6,ProstateCancer,2023-05-05T13:32:58Z
1,587,1,138hccg,ProstateCancer,2023-05-05T20:18:36Z
1,588,1,138m67g,ProstateCancer,2023-05-05T23:44:18Z
1,589,1,138t8z4,ProstateCancer,2023-05-06T02:07:46Z
1,590,1,13931aa,ProstateCancer,2023-05-06T08:07:24Z
1,591,1,139952l,ProstateCancer,2023-05-06T12:20:53Z
1,592,1,139ex9u,ProstateCancer,2023-05-06T16:48:34Z
1,593,1,139krsb,ProstateCancer,2023-05-06T21:51:48Z
1,594,1,139me4m,ProstateCancer,2023-05-06T23:02:56Z
1,595,1,139rojc,ProstateCancer,2023-05-07T00:39:18Z
1,596,1,139t1gn,ProstateCancer,2023-05-07T01:30:33Z
1,597,1,139wylm,ProstateCancer,2023-05-07T03:51:06Z
1,598,1,13b06ho,ProstateCancer,2023-05-08T05:28:54Z
1,599,1,13b2dzy,ProstateCancer,2023-05-08T06:49:24Z
1,600,1,13ba3sq,ProstateCancer,2023-05-08T11:49:46Z
1,601,1,13c1ni2,ProstateCancer,2023-05-09T05:13:40Z
1,602,1,13cif1e,ProstateCancer,2023-05-09T17:14:54Z
1,603,1,13cjd8e,ProstateCancer,2023-05-09T18:11:49Z
1,604,1,13csdgz,ProstateCancer,2023-05-10T00:38:53Z
1,605,1,13d2xre,ProstateCancer,2023-05-10T05:12:13Z
1,606,1,13d6yn8,ProstateCancer,2023-05-10T07:40:14Z
1,607,1,13db2qb,ProstateCancer,2023-05-10T10:25:03Z
1,608,1,13e3n01,ProstateCancer,2023-05-11T07:19:52Z
1,609,1,13earj3,ProstateCancer,2023-05-11T12:33:49Z
1,610,1,13enns0,ProstateCancer,2023-05-11T23:37:18Z
1,611,1,13eyc15,ProstateCancer,2023-05-12T06:04:36Z
1,612,1,13f2h60,ProstateCancer,2023-05-12T08:36:23Z
1,613,1,13fafff,ProstateCancer,2023-05-12T14:16:07Z
1,614,1,13fnpgi,ProstateCancer,2023-05-13T01:05:50Z
1,615,1,13fuave,ProstateCancer,2023-05-13T05:16:41Z
1,616,1,13fuu12,ProstateCancer,2023-05-13T05:37:52Z
1,617,1,13fxdmc,ProstateCancer,2023-05-13T07:16:42Z
1,618,1,13fyvqr,ProstateCancer,2023-05-13T08:17:25Z
1,619,1,13g39qi,ProstateCancer,2023-05-13T11:23:39Z
1,620,1,13glork,ProstateCancer,2023-05-14T02:16:45Z
1,621,1,13h3b96,ProstateCancer,2023-05-14T15:12:41Z
1,622,1,13h6508,ProstateCancer,2023-05-14T17:57:53Z
1,623,1,13hffpd,ProstateCancer,2023-05-15T01:41:21Z
1,624,1,13i1t4p,ProstateCancer,2023-05-15T18:11:16Z
1,625,1,13i7mno,ProstateCancer,2023-05-15T23:00:36Z
1,626,1,13iar28,ProstateCancer,2023-05-16T00:59:24Z
1,627,1,13ic2st,ProstateCancer,2023-05-16T01:54:45Z
1,628,1,13ic3zy,ProstateCancer,2023-05-16T01:56:18Z
1,629,1,13ichii,ProstateCancer,2023-05-16T02:11:56Z
1,630,1,13iggsp,ProstateCancer,2023-05-16T04:42:07Z
1,631,1,13ioy7j,ProstateCancer,2023-05-16T09:57:45Z
1,632,1,13j0rd9,ProstateCancer,2023-05-16T19:58:51Z
1,633,1,13j7k0b,ProstateCancer,2023-05-17T00:57:13Z
1,634,1,13jdsro,ProstateCancer,2023-05-17T04:54:28Z
1,635,1,13jh4zq,ProstateCancer,2023-05-17T07:02:40Z
1,636,1,13jjbqg,ProstateCancer,2023-05-17T08:28:57Z
1,637,1,13jork3,ProstateCancer,2023-05-17T12:28:40Z
1,638,1,13k0ehs,ProstateCancer,2023-05-17T22:31:26Z
1,639,1,13k6eg5,ProstateCancer,2023-05-18T02:19:07Z
1,640,1,13k8ubf,ProstateCancer,2023-05-18T03:47:31Z
1,641,1,13k9n0w,ProstateCancer,2023-05-18T04:17:05Z
1,642,1,13kazvb,ProstateCancer,2023-05-18T05:08:31Z
1,643,1,13kbyxb,ProstateCancer,2023-05-18T05:45:15Z
1,644,1,13kebfz,ProstateCancer,2023-05-18T07:14:41Z
1,645,1,13kgwdr,ProstateCancer,2023-05-18T08:52:33Z
1,646,1,13kye3k,ProstateCancer,2023-05-18T22:53:31Z
1,647,1,13l0twn,ProstateCancer,2023-05-19T00:35:22Z
1,648,1,13l4x8o,ProstateCancer,2023-05-19T03:18:33Z
1,649,1,13l7k8d,ProstateCancer,2023-05-19T04:58:21Z
1,650,1,13lax30,ProstateCancer,2023-05-19T07:07:41Z
1,651,1,13lb20l,ProstateCancer,2023-05-19T07:12:56Z
1,652,1,13li68e,ProstateCancer,2023-05-19T12:14:58Z
1,653,1,13lm67a,ProstateCancer,2023-05-19T15:35:31Z
1,654,1,13lnx9c,ProstateCancer,2023-05-19T17:12:09Z
1,655,1,13lusnj,ProstateCancer,2023-05-19T22:59:57Z
1,656,1,13lyhf7,ProstateCancer,2023-05-20T01:17:29Z
1,657,1,13m1o5u,ProstateCancer,2023-05-20T03:13:44Z
1,658,1,13mmcbx,ProstateCancer,2023-05-20T18:38:30Z
1,659,1,13ms7kr,ProstateCancer,2023-05-20T23:34:10Z
1,660,1,13mynhg,ProstateCancer,2023-05-21T01:58:05Z
1,661,1,13myt6q,ProstateCancer,2023-05-21T02:04:09Z
1,662,1,13n2t7s,ProstateCancer,2023-05-21T04:47:38Z
1,663,1,13n3m2q,ProstateCancer,2023-05-21T05:19:40Z
1,664,1,13nyxva,ProstateCancer,2023-05-22T02:10:34Z
1,665,1,13o7ugb,ProstateCancer,2023-05-22T08:05:40Z
1,666,1,13odioe,ProstateCancer,2023-05-22T12:14:55Z
1,667,1,13oequi,ProstateCancer,2023-05-22T13:10:28Z
1,668,1,13ojd96,ProstateCancer,2023-05-22T17:07:18Z
1,669,1,13owo3l,ProstateCancer,2023-05-23T03:06:23Z
1,670,1,13owqpk,ProstateCancer,2023-05-23T03:09:00Z
1,671,1,13pgika,ProstateCancer,2023-05-23T16:43:50Z
1,672,1,13pmxc7,ProstateCancer,2023-05-23T22:21:26Z
1,673,1,13qbjb9,ProstateCancer,2023-05-24T14:53:39Z
1,674,1,13qmpn8,ProstateCancer,2023-05-25T00:05:52Z
1,675,1,13qsqgm,ProstateCancer,2023-05-25T03:59:47Z
1,676,1,13r063a,ProstateCancer,2023-05-25T08:36:49Z
1,677,1,13r2h63,ProstateCancer,2023-05-25T10:12:22Z
1,678,1,13r5wid,ProstateCancer,2023-05-25T12:52:12Z
1,679,1,13rc9b3,ProstateCancer,2023-05-25T18:48:28Z
1,680,1,13rmuod,ProstateCancer,2023-05-26T02:50:51Z
1,681,1,13rwfnw,ProstateCancer,2023-05-26T09:09:01Z
1,682,1,13s9fjg,ProstateCancer,2023-05-26T20:32:00Z
1,683,1,13scfvb,ProstateCancer,2023-05-26T22:53:08Z
1,684,1,13sg1m0,ProstateCancer,2023-05-27T01:20:28Z
1,685,1,13sg2i5,ProstateCancer,2023-05-27T01:21:25Z
1,686,1,13sg7xr,ProstateCancer,2023-05-27T01:27:33Z
1,687,1,13sjmmp,ProstateCancer,2023-05-27T03:41:31Z
1,688,1,13t62cb,ProstateCancer,2023-05-27T22:23:42Z
1,689,1,13tip2v,ProstateCancer,2023-05-28T07:27:00Z
1,690,1,13tm444,ProstateCancer,2023-05-28T09:59:29Z
1,691,1,13tyqn5,ProstateCancer,2023-05-28T21:59:51Z
1,692,1,13u3y0q,ProstateCancer,2023-05-29T02:02:05Z
1,693,1,13u8xys,ProstateCancer,2023-05-29T05:32:56Z
1,694,1,13ufg0g,ProstateCancer,2023-05-29T10:10:40Z
1,695,1,13uiamd,ProstateCancer,2023-05-29T12:25:05Z
1,696,1,13uifcz,ProstateCancer,2023-05-29T12:31:29Z
1,697,1,13uilbq,ProstateCancer,2023-05-29T12:39:47Z
1,698,1,13un36n,ProstateCancer,2023-05-29T16:36:51Z
1,699,1,13v3pq0,ProstateCancer,2023-05-30T05:13:49Z
1,700,1,13vbo2w,ProstateCancer,2023-05-30T10:43:30Z
1,701,1,13vht6s,ProstateCancer,2023-05-30T15:45:16Z
1,702,1,13vvzg7,ProstateCancer,2023-05-31T03:10:20Z
1,703,1,13w0hqv,ProstateCancer,2023-05-31T06:02:40Z
1,704,1,13w3dle,ProstateCancer,2023-05-31T07:55:11Z
1,705,1,13w56qs,ProstateCancer,2023-05-31T09:08:54Z
1,706,1,13w6hr2,ProstateCancer,2023-05-31T10:03:38Z
1,707,1,13wgahh,ProstateCancer,2023-05-31T18:26:07Z
1,708,1,13wuc8l,ProstateCancer,2023-06-01T04:42:18Z
1,709,1,13wuzzd,ProstateCancer,2023-06-01T05:08:19Z
1,710,1,13xav7l,ProstateCancer,2023-06-01T17:15:29Z
1,711,1,13xfowz,ProstateCancer,2023-06-01T22:00:26Z
1,712,1,13xp4w9,ProstateCancer,2023-06-02T04:21:31Z
1,713,1,13xrlsl,ProstateCancer,2023-06-02T05:57:22Z
1,714,1,13xt5gu,ProstateCancer,2023-06-02T06:57:56Z
1,715,1,13xt8zw,ProstateCancer,2023-06-02T07:01:39Z
1,716,1,13y4ik2,ProstateCancer,2023-06-02T15:59:40Z
1,717,1,13yk1te,ProstateCancer,2023-06-03T04:10:22Z
1,718,1,13yp7u6,ProstateCancer,2023-06-03T07:06:19Z
1,719,1,13yt63j,ProstateCancer,2023-06-03T09:20:21Z
1,720,1,13ywnhb,ProstateCancer,2023-06-03T11:44:07Z
1,721,1,13yzh97,ProstateCancer,2023-06-03T13:35:38Z
1,722,1,13zdh1p,ProstateCancer,2023-06-03T23:49:06Z
1,723,1,13zgocw,ProstateCancer,2023-06-04T01:45:10Z
1,724,1,13zhswo,ProstateCancer,2023-06-04T02:26:41Z
1,725,1,13zj8ab,ProstateCancer,2023-06-04T03:17:31Z
1,726,1,1401bwu,ProstateCancer,2023-06-04T14:43:32Z
1,727,1,140m5zy,ProstateCancer,2023-06-05T04:43:14Z
1,728,1,140nqix,ProstateCancer,2023-06-05T05:36:16Z
1,729,1,140ozfl,ProstateCancer,2023-06-05T06:18:41Z
1,730,1,14194jd,ProstateCancer,2023-06-05T19:49:08Z
1,731,1,141kn7l,ProstateCancer,2023-06-06T02:50:01Z
1,732,1,141mxl6,ProstateCancer,2023-06-06T04:06:03Z
1,733,1,141raec,ProstateCancer,2023-06-06T06:46:55Z
1,734,1,141xqn7,ProstateCancer,2023-06-06T10:34:40Z
1,735,1,141zozq,ProstateCancer,2023-06-06T11:50:42Z
1,736,1,14200f3,ProstateCancer,2023-06-06T12:03:02Z
1,737,1,142jsw3,ProstateCancer,2023-06-07T01:35:30Z
1,738,1,142sdsk,ProstateCancer,2023-06-07T06:32:33Z
1,739,1,142tnxl,ProstateCancer,2023-06-07T07:21:33Z
1,740,1,142xlop,ProstateCancer,2023-06-07T10:01:24Z
1,741,1,1437dp0,ProstateCancer,2023-06-07T18:25:50Z
1,742,1,1438svn,ProstateCancer,2023-06-07T19:51:18Z
1,743,1,143hjkn,ProstateCancer,2023-06-08T02:16:29Z
1,744,1,143kl9a,ProstateCancer,2023-06-08T04:15:32Z
1,745,1,143lxor,ProstateCancer,2023-06-08T05:08:33Z
1,746,1,143oi5t,ProstateCancer,2023-06-08T06:47:14Z
1,747,1,143rvig,ProstateCancer,2023-06-08T08:58:11Z
1,748,1,143sdar,ProstateCancer,2023-06-08T09:18:11Z
1,749,1,143tqrz,ProstateCancer,2023-06-08T10:16:07Z
1,750,1,143zcko,ProstateCancer,2023-06-08T14:35:45Z
1,751,1,1440p3l,ProstateCancer,2023-06-08T15:48:02Z
1,752,1,1446rd7,ProstateCancer,2023-06-08T21:33:33Z
1,753,1,yzdznk,ProstateCancer,2022-11-20T02:09:23Z
1,754,1,yzfow3,ProstateCancer,2022-11-20T03:24:23Z
1,755,1,z0a62l,ProstateCancer,2022-11-21T04:41:10Z
1,756,1,z0db3g,ProstateCancer,2022-11-21T06:46:50Z
1,757,1,z0gmoe,ProstateCancer,2022-11-21T08:58:51Z
1,758,1,z0hnfj,ProstateCancer,2022-11-21T09:39:14Z
1,759,1,z11yxi,ProstateCancer,2022-11-22T02:38:11Z
1,760,1,z15pa5,ProstateCancer,2022-11-22T05:10:21Z
1,761,1,z196qg,ProstateCancer,2022-11-22T07:24:10Z
1,762,1,z1elag,ProstateCancer,2022-11-22T10:58:26Z
1,763,1,z1whh3,ProstateCancer,2022-11-23T02:30:41Z
1,764,1,z201q7,ProstateCancer,2022-11-23T04:53:23Z
1,765,1,z25syc,ProstateCancer,2022-11-23T08:35:06Z
1,766,1,z28dmv,ProstateCancer,2022-11-23T10:13:04Z
1,767,1,z2g7j7,ProstateCancer,2022-11-23T16:16:32Z
1,768,1,z2h3c8,ProstateCancer,2022-11-23T17:02:40Z
1,769,1,z2hbdz,ProstateCancer,2022-11-23T17:14:24Z
1,770,1,z2kzva,ProstateCancer,2022-11-23T20:49:51Z
1,771,1,z2mchk,ProstateCancer,2022-11-23T22:08:16Z
1,772,1,z2r32i,ProstateCancer,2022-11-24T01:51:25Z
1,773,1,z2s7u3,ProstateCancer,2022-11-24T02:36:42Z
1,774,1,z2ubkr,ProstateCancer,2022-11-24T03:59:35Z
1,775,1,z32kge,ProstateCancer,2022-11-24T09:27:46Z
1,776,1,z33pko,ProstateCancer,2022-11-24T10:15:19Z
1,777,1,z373cp,ProstateCancer,2022-11-24T12:50:58Z
1,778,1,z38u7l,ProstateCancer,2022-11-24T14:15:44Z
1,779,1,z3mp63,ProstateCancer,2022-11-25T02:24:28Z
1,780,1,z3vzps,ProstateCancer,2022-11-25T09:07:06Z
1,781,1,z4k6v1,ProstateCancer,2022-11-26T05:19:02Z
1,782,1,z4k8gx,ProstateCancer,2022-11-26T05:20:48Z
1,783,1,z4ls66,ProstateCancer,2022-11-26T06:24:24Z
1,784,1,z4ndq2,ProstateCancer,2022-11-26T07:31:17Z
1,785,1,z4pym6,ProstateCancer,2022-11-26T09:17:40Z
1,786,1,z5f8lz,ProstateCancer,2022-11-27T06:08:23Z
1,787,1,z64ehq,ProstateCancer,2022-11-28T02:46:14Z
1,788,1,z64hrs,ProstateCancer,2022-11-28T02:49:51Z
1,789,1,z661c3,ProstateCancer,2022-11-28T03:50:35Z
1,790,1,z6f7ai,ProstateCancer,2022-11-28T09:46:54Z
1,791,1,z6qg9n,ProstateCancer,2022-11-28T18:48:52Z
1,792,1,z75o5l,ProstateCancer,2022-11-29T06:22:58Z
1,793,1,z79wu0,ProstateCancer,2022-11-29T08:56:02Z
1,794,1,z7dtza,ProstateCancer,2022-11-29T11:23:40Z
1,795,1,z7sh55,ProstateCancer,2022-11-29T23:17:38Z
1,796,1,z7wg19,ProstateCancer,2022-11-30T02:02:20Z
1,797,1,z82r29,ProstateCancer,2022-11-30T06:01:27Z
1,798,1,z84x1u,ProstateCancer,2022-11-30T07:20:59Z
1,799,1,z8fqtq,ProstateCancer,2022-11-30T14:23:47Z
1,800,1,z8gg7j,ProstateCancer,2022-11-30T14:54:29Z
1,801,1,z8h24q,ProstateCancer,2022-11-30T15:20:56Z
1,802,1,z8vgfc,ProstateCancer,2022-12-01T03:12:40Z
1,803,1,z8zh3d,ProstateCancer,2022-12-01T05:46:41Z
1,804,1,z90w7p,ProstateCancer,2022-12-01T06:37:33Z
1,805,1,z91z6t,ProstateCancer,2022-12-01T07:18:41Z
1,806,1,z97dk6,ProstateCancer,2022-12-01T10:40:06Z
1,807,1,z980yu,ProstateCancer,2022-12-01T11:06:09Z
1,808,1,z9b9vx,ProstateCancer,2022-12-01T13:21:00Z
1,809,1,z9dgej,ProstateCancer,2022-12-01T14:52:59Z
1,810,1,z9t8n1,ProstateCancer,2022-12-02T04:09:37Z
1,811,1,za0jo9,ProstateCancer,2022-12-02T08:33:15Z
1,812,1,za1xh0,ProstateCancer,2022-12-02T09:20:44Z
1,813,1,za4rxa,ProstateCancer,2022-12-02T11:04:35Z
1,814,1,zap8fs,ProstateCancer,2022-12-03T02:35:00Z
1,815,1,zasomq,ProstateCancer,2022-12-03T04:56:09Z
1,816,1,zb4ky1,ProstateCancer,2022-12-03T12:54:41Z
1,817,1,zb515c,ProstateCancer,2022-12-03T13:16:23Z
1,818,1,zbd6ee,ProstateCancer,2022-12-03T21:17:57Z
1,819,1,zbghuv,ProstateCancer,2022-12-04T00:37:44Z
1,820,1,zbsxgt,ProstateCancer,2022-12-04T09:37:34Z
1,821,1,zbzyqo,ProstateCancer,2022-12-04T15:07:10Z
1,822,1,zck5qz,ProstateCancer,2022-12-05T07:11:18Z
1,823,1,zcl04u,ProstateCancer,2022-12-05T07:42:19Z
1,824,1,zctccb,ProstateCancer,2022-12-05T12:57:10Z
1,825,1,zctvft,ProstateCancer,2022-12-05T13:18:07Z
1,826,1,zdent1,ProstateCancer,2022-12-06T05:15:49Z
1,827,1,zdpnwf,ProstateCancer,2022-12-06T11:32:35Z
1,828,1,zdvxrn,ProstateCancer,2022-12-06T15:56:42Z
1,829,1,zec5bw,ProstateCancer,2022-12-07T04:12:00Z
1,830,1,zecc71,ProstateCancer,2022-12-07T04:19:40Z
1,831,1,zeefy6,ProstateCancer,2022-12-07T05:43:33Z
1,832,1,zen2kd,ProstateCancer,2022-12-07T11:25:49Z
1,833,1,zepij9,ProstateCancer,2022-12-07T13:23:57Z
1,834,1,zeq5wq,ProstateCancer,2022-12-07T13:56:30Z
1,835,1,zexyhz,ProstateCancer,2022-12-07T21:38:08Z
1,836,1,zey8tf,ProstateCancer,2022-12-07T21:55:13Z
1,837,1,zf376l,ProstateCancer,2022-12-08T02:00:03Z
1,838,1,zf8sdt,ProstateCancer,2022-12-08T05:14:24Z
1,839,1,zfbx2z,ProstateCancer,2022-12-08T07:00:52Z
1,840,1,zfe1bw,ProstateCancer,2022-12-08T08:13:13Z
1,841,1,zfjhx5,ProstateCancer,2022-12-08T11:35:44Z
1,842,1,zg565f,ProstateCancer,2022-12-09T04:19:02Z
1,843,1,zg6k2e,ProstateCancer,2022-12-09T05:12:04Z
1,844,1,zgi5q6,ProstateCancer,2022-12-09T12:00:57Z
1,845,1,zh109z,ProstateCancer,2022-12-10T03:02:02Z
1,846,1,zh5re9,ProstateCancer,2022-12-10T06:08:00Z
1,847,1,zh709q,ProstateCancer,2022-12-10T06:58:09Z
1,848,1,zha603,ProstateCancer,2022-12-10T09:04:47Z
1,849,1,zhde7r,ProstateCancer,2022-12-10T11:11:45Z
1,850,1,zht5ip,ProstateCancer,2022-12-11T00:55:26Z
1,851,1,zhzqz3,ProstateCancer,2022-12-11T05:32:47Z
1,852,1,ziwxx3,ProstateCancer,2022-12-12T02:44:08Z
1,853,1,zj1he4,ProstateCancer,2022-12-12T04:51:20Z
1,854,1,zj2540,ProstateCancer,2022-12-12T05:08:55Z
1,855,1,zjh8t4,ProstateCancer,2022-12-12T11:58:55Z
1,856,1,zjji56,ProstateCancer,2022-12-12T13:17:59Z
1,857,1,zk6eus,ProstateCancer,2022-12-13T05:05:01Z
1,858,1,zkkw7n,ProstateCancer,2022-12-13T14:23:45Z
1,859,1,zkxjtn,ProstateCancer,2022-12-14T01:49:36Z
1,860,1,zkyjgn,ProstateCancer,2022-12-14T02:33:17Z
1,861,1,zl0irb,ProstateCancer,2022-12-14T03:56:03Z
1,862,1,zl5hbf,ProstateCancer,2022-12-14T07:08:34Z
1,863,1,zl5jed,ProstateCancer,2022-12-14T07:10:48Z
1,864,1,zl61s2,ProstateCancer,2022-12-14T07:30:51Z
1,865,1,zlao2x,ProstateCancer,2022-12-14T10:29:53Z
1,866,1,zlcb91,ProstateCancer,2022-12-14T11:38:19Z
1,867,1,zlvgih,ProstateCancer,2022-12-15T03:31:07Z
1,868,1,zlz9o8,ProstateCancer,2022-12-15T06:02:05Z
1,869,1,zlzc4q,ProstateCancer,2022-12-15T06:05:00Z
1,870,1,zm3nmm,ProstateCancer,2022-12-15T09:04:13Z
1,871,1,zm4aky,ProstateCancer,2022-12-15T09:30:18Z
1,872,1,zm9ddw,ProstateCancer,2022-12-15T13:13:30Z
1,873,1,zmlf99,ProstateCancer,2022-12-16T00:45:23Z
1,874,1,zmqspj,ProstateCancer,2022-12-16T04:28:29Z
1,875,1,zmrziu,ProstateCancer,2022-12-16T05:17:20Z
1,876,1,zmxsad,ProstateCancer,2022-12-16T09:13:23Z
1,877,1,zn2myc,ProstateCancer,2022-12-16T12:35:18Z
1,878,1,zna5bk,ProstateCancer,2022-12-16T19:49:44Z
1,879,1,znc2g4,ProstateCancer,2022-12-16T22:02:39Z
1,880,1,znlvcf,ProstateCancer,2022-12-17T05:45:22Z
1,881,1,znmg9l,ProstateCancer,2022-12-17T06:10:43Z
1,882,1,znvylk,ProstateCancer,2022-12-17T13:29:54Z
1,883,1,zo093g,ProstateCancer,2022-12-17T17:43:15Z
1,884,1,zoa7hu,ProstateCancer,2022-12-18T03:39:12Z
1,885,1,zobww1,ProstateCancer,2022-12-18T04:56:37Z
1,886,1,zodbxr,ProstateCancer,2022-12-18T05:59:51Z
1,887,1,zopee0,ProstateCancer,2022-12-18T15:01:16Z
1,888,1,zosd9m,ProstateCancer,2022-12-18T17:52:46Z
1,889,1,zowagb,ProstateCancer,2022-12-18T22:11:25Z
1,890,1,zoy16i,ProstateCancer,2022-12-18T23:56:50Z
1,891,1,zoywgc,ProstateCancer,2022-12-19T00:41:56Z
1,892,1,zphyle,ProstateCancer,2022-12-19T15:33:06Z
1,893,1,zpl4gt,ProstateCancer,2022-12-19T18:27:52Z
1,894,1,zpq8m6,ProstateCancer,2022-12-19T23:26:43Z
1,895,1,zqjlhj,ProstateCancer,2022-12-20T20:03:59Z
1,896,1,zqqubi,ProstateCancer,2022-12-21T02:08:45Z
1,897,1,zqvc4p,ProstateCancer,2022-12-21T05:13:01Z
1,898,1,zqwr7f,ProstateCancer,2022-12-21T06:09:13Z
1,899,1,zr50f0,ProstateCancer,2022-12-21T11:35:23Z
1,900,1,zr70mr,ProstateCancer,2022-12-21T12:55:25Z
1,901,1,zrhzsn,ProstateCancer,2022-12-21T22:42:14Z
1,902,1,zrmob7,ProstateCancer,2022-12-22T00:45:49Z
1,903,1,zrnobh,ProstateCancer,2022-12-22T01:16:21Z
1,904,1,zry1ir,ProstateCancer,2022-12-22T06:19:56Z
1,905,1,zrzsv9,ProstateCancer,2022-12-22T07:25:45Z
1,906,1,zs927x,ProstateCancer,2022-12-22T13:09:52Z
1,907,1,zsgwfo,ProstateCancer,2022-12-22T19:30:23Z
1,908,1,zsw7mh,ProstateCancer,2022-12-23T07:38:56Z
1,909,1,zt1bi7,ProstateCancer,2022-12-23T11:09:57Z
1,910,1,zt1gw6,ProstateCancer,2022-12-23T11:16:47Z
1,911,1,zt2nzj,ProstateCancer,2022-12-23T12:15:13Z
1,912,1,ztqtzt,ProstateCancer,2022-12-24T06:45:59Z
1,913,1,zts2uu,ProstateCancer,2022-12-24T07:41:06Z
1,914,1,ztwjy4,ProstateCancer,2022-12-24T11:02:55Z
1,915,1,ztxl7y,ProstateCancer,2022-12-24T11:53:31Z
1,916,1,zuf186,ProstateCancer,2022-12-25T04:59:55Z
1,917,1,zvellt,ProstateCancer,2022-12-26T15:05:31Z
1,918,1,zvzfte,ProstateCancer,2022-12-27T09:54:59Z
1,919,1,zw3cca,ProstateCancer,2022-12-27T12:49:52Z
1,920,1,zw4li5,ProstateCancer,2022-12-27T13:49:31Z
1,921,1,zw54rp,ProstateCancer,2022-12-27T14:15:25Z
1,922,1,zw5owf,ProstateCancer,2022-12-27T14:43:25Z
1,923,1,zwgxnx,ProstateCancer,2022-12-28T01:32:17Z
1,924,1,zwjhpi,ProstateCancer,2022-12-28T03:26:32Z
1,925,1,zwrghu,ProstateCancer,2022-12-28T08:57:23Z
1,926,1,zx0rsr,ProstateCancer,2022-12-28T15:56:32Z
1,927,1,zxn5fy,ProstateCancer,2022-12-29T09:29:51Z
1,928,1,zype6z,ProstateCancer,2022-12-30T14:15:04Z
1,929,1,zz20zq,ProstateCancer,2022-12-31T01:36:03Z
1,930,1,zz3y0a,ProstateCancer,2022-12-31T02:58:28Z
1,931,1,zzdgqm,ProstateCancer,2022-12-31T09:26:19Z
1,932,1,zzdq5f,ProstateCancer,2022-12-31T09:37:12Z
1,933,1,zzeds9,ProstateCancer,2022-12-31T10:04:41Z
1,934,1,zzefeo,ProstateCancer,2022-12-31T10:06:38Z
1,935,1,zzk8g6,ProstateCancer,2022-12-31T14:31:49Z
1,936,1,zzp0v5,ProstateCancer,2022-12-31T19:04:46Z
